{"indices":[0,1,2,1,4,2],"vertices":["700.0","-700.0","0.0","699.999756","700.0","0.000001","-700.999847","-700.000000","-0.000000","699.999756","700.000000","0.000001","-699.999969","700.000000","-0.000000","-699.999847","-700.000000","-0.000000"],"texturecoordinates":["0.2499750000","0.0000250000","0.2499750000","0.2499750000","0.0000250000","0.0000250000","0.2499750000","0.2499750000","0.0000250000","0.2499750000","0.0000250000","0.0000250000"],"normals":["-0.000000","-0.000000","1.000000","-0.000000","-0.000000","1.000000","-0.000000","-0.000000","1.000000","-0.000000","-0.000000","1.000000","-0.000000","-0.000000","1.000000","-0.000000","-0.000000","1.000000"],"ambient":[0.1,0.1,0.1],"diffuse":[0.5,0.8,0.1],"specular":[1,1,1],"name":"start"}